id,[CI/Fe],err_CI,[CH/Fe],err_CH,[OI/Fe],err_OI,[NaI/Fe],err_NaI,[MgI/Fe],err_MgI,[AlI/Fe],err_AlI,[SiI/Fe],err_SiI,[SI/Fe],err_SI,[CaI/Fe],err_CaI,[ScI/Fe],err_ScI,[ScII/Fe],err_ScII,[TiI/Fe],err_TiI,[TiII/Fe],err_TiII,[VI/Fe],err_VI,[CrI/Fe],err_CrI,[CrII/Fe],err_CrII,[MnI/Fe],err_MnI,[CoI/Fe],err_CoI,[NiI/Fe],err_NiI,[CuI/Fe],err_CuI,[ZnI/Fe],err_ZnI,[SrI/Fe],err_SrI,[YII/Fe],err_YII,[ZrII/Fe],err_ZrII,[BaII/Fe],err_BaII,[LaII/Fe],err_LaII,[CeII/Fe],err_CeII,[PrII/Fe],err_PrII,[NdII/Fe],err_NdII,[SmII/Fe],err_SmII,[EuII/Fe],err_EuII,[GdII/Fe],err_GdII,[DyII/Fe],err_DyII
HIP10175,-0.037384662,0.007215388,-0.030384662,0.006249946,0.043379795,0.009285289,-0.038699895,0.022071043,0.014599904,0.00721034,-0.008083232,0.00826139,0.002036813,0.003208788,0.019020713,0.012149691,0.025487315,0.0050916,-0.00685483,0.013072168,-0.00685483,0.008116747,0.034654456,0.005142192,0.012654456,0.005142192,0.00438244,0.004209259,0.01184585,0.005012299,0.00284585,0.00700879,-0.029516826,0.005206299,-0.015171583,0.004230358,-0.031894816,0.003187528,-0.033880524,0.013160543,-0.027885619,0.00638194,0.04946046,0.005932681,0.036023294,0.007473954,0.060693532,0.012235957,0.079198605,0.00543642,0.094718742,0.029125071,0.0802642,0.016139739,0.162855153,0.008504108,0.10760679,0.010279287,0.054598081,0.013193849,0.088300647,0.005478009,0.080263199,0.005506462,0.064765139,0.005842667
HIP101905,-0.095284142,0.010036421,-0.058284142,0.022443925,-0.019805137,0.015153038,-0.061776657,0.012813088,0.026292065,0.009124721,0.03178872,0.005602656,0.005554987,0.004934899,-0.060793575,0.027427982,0.030313953,0.005563866,0.024830048,0.010588885,0.019830048,0.007818214,0.044584387,0.006729993,0.033584387,0.007634973,0.021201577,0.009595287,-0.004929765,0.005078727,-0.008929765,0.011036008,-0.047311942,0.007040434,-0.005435558,0.006100572,-0.01488684,0.005698856,-0.028850562,0.031433474,-0.045940416,0.016925534,0.016938091,0.010084908,0.004905286,0.012853181,0.018222044,0.011698278,0.046581074,0.011373183,0.042901423,0.031746568,0.058747584,0.013150671,0.075863081,0.015799092,0.081771083,0.01168315,0.04790282,0.021765094,0.074224719,0.015108748,0.049668121,0.008383806,0.065403815,0.066444528
HIP102040,0.016455546,0.051078271,-0.057544454,0.006632476,0.053305822,0.007043615,-0.0511306,0.008495301,0.035276769,0.004098747,0.020865549,0.008665548,0.015444083,0.005327543,-0.037505002,0.014332941,0.03801797,0.005235664,0.016619121,0.00926876,0.044619121,0.026094251,0.053826428,0.005363134,0.043826428,0.006305807,0.010310095,0.006362602,-0.009864396,0.004039966,-0.008864396,0.012013381,-0.063834872,0.00552217,0.007722827,0.007344887,-0.023291625,0.004362093,-0.030268539,0.034160789,-0.044507538,0.020306171,0.011051513,0.007183868,0.005576091,0.008179297,0.038504937,0.011658585,0.068551593,0.012485402,0.080391814,0.018519453,0.110657554,0.016362138,0.146458325,0.011032242,0.133672507,0.011652441,0.109119976,0.023286262,0.144870276,0.017380154,0.094425168,0.007062953,0.107620609,0.028422563
HIP102152,-0.040556066,0.009718806,-0.072556066,0.008152006,-0.010120891,0.012324286,-0.066792639,0.015071259,-0.033968929,0.011389948,-0.0557375,0.007634089,-0.034962256,0.004679123,-0.06568071,0.022802573,-0.001844609,0.005847626,-0.054303998,0.011820134,-0.034303998,0.006611774,-0.02775636,0.006272523,-0.03775636,0.007095389,-0.029129232,0.007286091,-0.001359989,0.004150279,0.002640011,0.00906779,-0.025370011,0.006778154,-0.058458853,0.009102656,-0.04571635,0.005248005,-0.067761423,0.007601009,-0.059437665,0.012963015,-0.010529144,0.011243842,-0.009458082,0.010827488,-0.011033448,0.01417328,0.067065938,0.01123851,0.011425505,0.020816104,0.051859062,0.014617542,0.022533747,0.019280959,0.0621632,0.011719039,0.022575284,0.012268095,0.025205652,0.020268673,0.027169911,0.008827677,-0.030259285,0.028633565
HIP10303,-0.045615338,0.004365985,-0.058615338,0.003473014,-0.042379795,0.007363191,-0.014300105,0.012129755,-0.003599904,0.005290464,0.007083232,0.004500063,-0.008036813,0.002301374,-0.041020713,0.014128517,0.002512685,0.003150301,-0.01814517,0.01009364,0.01185483,0.006154801,0.001345544,0.005142192,-0.004654456,0.006118998,0.00861756,0.006141487,0.00815415,0.005012299,0.00915415,0.00700879,0.019516826,0.004255062,-0.012828417,0.005186129,0.010894816,0.004142504,-0.008119476,0.021099761,-0.016114381,0.020117882,0.06353954,0.005932681,0.048976706,0.006546754,0.030306468,0.014202769,0.016801395,0.008279775,-0.007718742,0.006577973,-0.0042642,0.015148966,0.015144847,0.012341793,0.00539321,0.007393494,-0.008598081,0.016157898,0.011699353,0.013191231,0.029736801,0.005506462,-0.004765139,0.021216427
HIP104045,-0.042,0.008,-0.043,0.007,-0.016,0.008,-0.025,0.009,-0.011,0.004,-0.013,0.004,-0.006,0.002,-0.007,0.028,0.008,0.005,-0.025,0.012,0,0.007,-0.003,0.005,-0.011,0.006,-0.009,0.005,-0.003,0.004,0.007,0.006,-0.006,0.004,-0.014,0.004,-0.003,0.003,-0.02,0.006,-0.029,0.01,0.018,0.005,0.015,0.008,0.021,0.006,0.01,0.008,-0.037,0.026,0.014,0.009,0.038,0.018,0.031,0.013,-0.02,0.013,0.078,0.008,0.091,0.023,0.019,0.007
HIP105184,-0.042509012,0.011232159,-0.029509012,0.01213101,0.05164863,0.014614119,-0.027045847,0.013991143,0.051215105,0.010321784,0.037756708,0.014328938,0.02118453,0.005203486,0.002752853,0.016937763,0.046270613,0.005735711,0.038501267,0.010773899,0.012501267,0.008067026,0.06506687,0.006951413,0.04106687,0.007830846,0.023656362,0.008870065,0.007626332,0.006087046,0.005626332,0.012043759,-0.054510722,0.006556723,-0.001501551,0.006418688,-0.027384846,0.005908836,-0.019343071,0.028633644,-0.020204116,0.014470927,0.020807499,0.011667239,0.009375784,0.011073134,0.034104172,0.012200911,0.087426692,0.009376395,0.078947093,0.024312864,0.11461843,0.013504601,0.133115064,0.014665876,0.130312156,0.012181676,0.087979005,0.03169204,0.089955737,0.009580983,0.068769351,0.009025836,0.114313484,0.060647077
HIP108158,0.052219064,0.00696276,-0.005780936,0.009353076,0.089332877,0.012688739,-0.001061829,0.009381375,0.080954111,0.011996734,0.083230488,0.013288945,0.029667287,0.003733769,0.048865718,0.022621274,0.040112051,0.005664703,0.049367221,0.010697155,0.072367221,0.008856022,0.072726123,0.006859971,0.071726123,0.006859971,0.060325552,0.008784854,0.018196107,0.005093554,0.022196107,0.016029482,-0.02056879,0.005669806,0.037475154,0.005526229,0.001785644,0.005822215,0.047746067,0.026612169,0.080298636,0.018035138,0.008340264,0.010686198,0.001012416,0.013175991,0.003848679,0.021067848,0.049911555,0.009161227,0.019471175,0.009578568,0.043729908,0.018932542,0.127785729,0.015257847,0.073704273,0.012823153,0.067651469,0.015327711,0.09893667,0.009349279,0.076271141,0.008763891,0.107650384,0.012290912
HIP108468,-0.02387565,0.011503187,-0.05387565,0.006026883,0.017731164,0.009126451,-0.068654048,0.008693618,-0.002615201,0.010538218,-0.015839939,0.005632012,-0.016147717,0.002965483,-0.04473214,0.012544681,0.013216702,0.005330912,-0.028356097,0.007480541,-0.006356097,0.007480541,-0.007412415,0.005507571,-0.001412415,0.006429101,-0.021273922,0.006507921,-0.012780481,0.004056524,0.007219519,0.009025264,-0.052006104,0.005725976,-0.036670032,0.004797039,-0.04650997,0.004504573,-0.064537453,0.024321435,-0.072681503,0.009924187,-0.055347039,0.00732869,-0.063352489,0.007833885,-0.023410639,0.015689131,0.045771913,0.011740706,0.03477165,0.016819189,0.060645769,0.017481686,0.11574009,0.011435413,0.092294634,0.007546245,0.042619076,0.018514273,0.07534491,0.012748446,0.050493848,0.007461817,0.079451655,0.017023214
HIP109821,0.037378856,0.024719933,-0.073621144,0.007146685,0.057406849,0.015124788,-0.080631125,0.012524659,0.012277247,0.009123649,0.010281707,0.008043189,-0.005739982,0.005554294,-0.024608567,0.015408177,0.038581395,0.005965696,-0.01310673,0.012866803,0.02289327,0.007586477,0.03355415,0.007247106,0.03655415,0.007247106,-0.005602103,0.007461847,-0.012093647,0.005139126,0.008906353,0.005139126,-0.076250743,0.007008594,-0.035419256,0.006141585,-0.058817547,0.005412242,-0.063865918,0.013860464,-0.057079445,0.00889806,0.016749212,0.011908381,0.009459619,0.011295369,0.047037275,0.012104156,0.103558567,0.010058654,0.098798103,0.012817149,0.124336554,0.01484753,0.129182558,0.015469616,0.150638556,0.01067154,0.094129574,0.015942638,0.086367041,0.017702442,0.086109173,0.009271289,0.112794913,0.015022226
HIP114328,0.051834402,0.021226965,-0.000165598,0.006751597,nan,nan,0.012238276,0.004335949,-0.007445985,0.009505584,-0.009852744,0.004159932,0.0027041,0.004478584,0.044886431,0.013428163,0.005599366,0.005281432,0.024512391,0.00467864,0.000512391,0.010290271,-0.007619421,0.005432691,-0.005619421,0.006365072,0.001707992,0.005511552,0.004041957,0.005038397,0.026041957,0.010019254,0.006914384,0.004752972,-0.00269643,0.006475693,-0.009109172,0.00355416,0.008865543,0.004706,-0.011586983,0.011653459,0.001800724,0.007544368,-0.00796429,0.010122893,-0.016457788,0.012724007,0.02211016,0.007089211,0.039189918,0.012913387,0.036994108,0.015461506,0.063640883,0.013040038,0.043311063,0.015579748,-0.00275045,0.011700169,0.074237317,0.015513793,-0.01446566,0.00725645,0.061415523,0.014057016
HIP114615,0.017070884,0.012843037,0.022070884,0.007546099,0.088685617,0.010801975,-0.006830495,0.015697659,0.052876673,0.012823632,0.046782317,0.013155793,0.026480896,0.004226955,0.063515711,0.028438132,0.025505285,0.006505619,0.026764291,0.013485934,0.019764291,0.009688675,0.045480884,0.007672323,0.035480884,0.006772336,0.013692534,0.007794265,-0.001018545,0.007059907,0.013981455,0.007059907,-0.037351698,0.006277138,0.010551244,0.007872015,-0.018186441,0.005739074,0.000850936,0.033432444,0.025606844,0.015111207,-0.024488027,0.010283377,-0.031400615,0.010532042,0.004198469,0.010959784,0.027750198,0.011452292,0.107110557,0.0081072,0.069921754,0.014132256,0.120313478,0.024205572,0.097279298,0.012638884,0.055718057,0.024713,0.099170923,0.010735917,0.048688367,0.012545826,0.102385749,0.027175313
HIP115577,0.061733882,0.010700416,-0.020266118,0.007035546,0.063897603,0.011750479,0.005315037,0.011586858,0.083861855,0.01329294,0.086275305,0.012103914,0.031185926,0.004264134,0.041700719,0.016265022,0.046772727,0.005110152,0.033827514,0.013769023,0.069827514,0.009197065,0.072450647,0.006385777,0.073450647,0.007195703,0.048888854,0.006617765,0.013817572,0.005132954,0.019817572,0.007095578,-0.038290499,0.006930834,0.015567545,0.006061605,-0.013117148,0.005356774,0.028835581,0.022066952,0.058467815,0.016635532,0.032323093,0.011685904,0.014153719,0.011792112,0.0270137,0.013548678,0.069727691,0.008113681,0.056007237,0.021898331,0.077510723,0.015656855,0.140632954,0.012450944,0.09114677,0.009897783,0.060944811,0.009568373,0.091313245,0.010188133,0.091129419,0.009122364,0.072776847,0.015619339
HIP116906,-0.009810572,0.008530462,-0.034810572,0.01139161,0.020203425,0.012607133,0.007184438,0.010438715,0.027138623,0.007586847,0.013140854,0.012496929,0.008630009,0.002777147,-0.031804283,0.010504903,0.015790698,0.004318261,0.019446635,0.00929455,0.028446635,0.007374867,0.013277075,0.004486662,0.018277075,0.005397234,0.013198948,0.004573816,0.007953176,0.004043841,0.019953176,0.009019571,-0.011125372,0.004693623,0.017290372,0.005516318,-0.005408773,0.003510426,0.020567041,0.004585643,-0.012039723,0.006208371,0.006374606,0.006723272,-0.01827019,0.008285309,-0.000481363,0.008965358,0.031279284,0.007003152,0.071399052,0.022468196,0.073168277,0.015422785,0.118091279,0.010238518,0.097819278,0.017470559,0.080064787,0.021343428,0.058183521,0.007095358,0.050554586,0.006343437,0.131397457,0.018712745
HIP117367,0.008739688,0.004313803,-0.011260312,0.008161427,0.021110959,0.012183797,0.030646057,0.011120602,0.012984704,0.007179613,7.68E-05,0.013138561,0.010889096,0.004135766,-0.001711427,0.018085359,-0.001295983,0.004097274,0.002789074,0.006132148,0.022789074,0.008099582,-0.008757959,0.005121406,0.001242041,0.005121406,-0.002891483,0.005144292,-0.004934631,0.004013094,0.005065369,0.00700749,0.00347707,0.003285434,0.014158385,0.005159018,0.004595215,0.003160489,0.020582022,0.010177358,0.001432879,0.004475442,-0.015886579,0.004968734,-0.025329195,0.007405754,-0.021717107,0.007339802,0.002970518,0.008238987,0.008490392,0.01225538,0.006909969,0.011172591,0.082595243,0.010348386,0.022901424,0.006389516,0.001217156,0.011194933,0.073645557,0.011192304,0.000757047,0.005434517,0.033216795,0.008472613
HIP118115,-0.02942591,0.00762848,-0.06242591,0.008437636,0.02282363,0.008591421,-0.085115667,0.011076769,-0.007461281,0.007593807,-0.017775915,0.00973706,-0.019406804,0.004289105,-0.038824996,0.013046199,0.024303383,0.00563032,-0.014698535,0.012555423,0.017301465,0.014478903,0.00562262,0.005954271,0.00862262,0.006815669,-0.019183491,0.006960743,-0.006892674,0.004110056,0.004107326,0.007063467,-0.064608546,0.006345244,-0.048538045,0.006224363,-0.057513958,0.00494072,-0.057552434,0.008913084,-0.062154104,0.011587899,-0.028085854,0.009945401,-0.030293485,0.009258765,-0.003174895,0.008800664,0.073080679,0.008307502,0.056680309,0.010084384,0.076904077,0.015118014,0.103236126,0.013465013,0.111212488,0.00877803,0.047466706,0.022821163,0.106882874,0.009236061,0.030291387,0.007973098,0.053632318,0.010734431
HIP11915,-0.016094714,0.005214614,-0.025094714,0.004265231,0.031398288,0.009205159,-0.030592219,0.012093043,0.012430688,0.008132654,-0.008070427,0.002653923,-0.001815004,0.003150894,0.025402142,0.025051711,0.018104651,0.004081892,-0.002723317,0.007095574,-0.025723317,0.006111233,0.017861462,0.005102209,-0.000138538,0.006085436,-0.003599474,0.005121518,0.005023412,0.005008809,0.005023412,0.006007342,-0.027437314,0.005148546,-0.023145186,0.006112073,-0.029295613,0.004102532,-0.034283521,0.022068236,-0.033980139,0.016105464,0.029312697,0.005683361,0.012635095,0.010242636,0.046740681,0.009224663,0.049860358,0.006265863,0.082300474,0.022117978,0.085915861,0.012133242,0.13595436,0.011267511,0.102590361,0.007283894,0.085967607,0.02706724,0.13040824,0.009197066,0.045222707,0.007267035,0.070801272,0.0065224
HIP14501,0.101733882,0.012429759,-0.035266118,0.007035546,0.132897603,0.018603058,0.020315037,0.012460147,0.103861855,0.011519646,0.101275305,0.010512123,0.056185926,0.004814856,0.061700719,0.013548097,0.067772727,0.005110152,0.058827514,0.020508194,0.091827514,0.010078988,0.101450647,0.006385777,0.101450647,0.007195703,0.060888854,0.006617765,0.002817572,0.004165,0.014817572,0.008083763,-0.076290499,0.006930834,0.037567545,0.006061605,-0.016117148,0.004657792,0.016835581,0.013782249,0.045467815,0.008230488,0.047323093,0.011685904,0.024153719,0.011137948,0.0560137,0.013548678,0.078727691,0.009941419,0.112007237,0.011980689,0.106510723,0.017468174,0.157632954,0.016941842,0.13914677,0.010534046,0.111944811,0.015860447,0.148313245,0.010899452,0.120129419,0.009706571,0.136776847,0.012804833
HIP14614,-0.033355026,0.020000453,-0.054355026,0.005001811,0.026509247,0.005003086,-0.022946162,0.014000662,0.011415392,0.009000983,-0.008993598,0.004003143,0.005074091,0.004000959,0.001690714,0.014000764,0.020808668,0.005000547,0.009065756,0.006000928,0.006065756,0.009000619,0.021103503,0.005000853,0.012103503,0.006000711,-0.006490957,0.005001016,-0.012911219,0.004000091,0.003088781,0.008000046,-0.031960244,0.006001038,-0.015986801,0.005001122,-0.025700399,0.004000858,-0.033701498,0.020000621,-0.03854726,0.009001554,0.021426118,0.00500603,0.0203059,0.008002537,0.044023574,0.008002115,0.057830877,0.007001925,0.082790866,0.018001195,0.091825831,0.013001022,0.175549604,0.012002051,0.120491785,0.009001862,0.077184763,0.018000835,0.149053796,0.021000706,0.080979754,0.007002249,0.121018066,0.006004504
HIP15527,-0.032360832,0.010888164,-0.073360832,0.006599403,-0.00270411,0.011472061,-0.099277181,0.010907383,-0.025707457,0.008192126,-0.035795122,0.006461805,-0.033629078,0.003443057,-0.03989714,0.015713174,0.013877378,0.005531823,-0.047895804,0.010554657,-0.033895804,0.007771795,-0.008687891,0.004973745,-0.007687891,0.005808454,-0.02471062,0.00595053,-0.006159016,0.005074062,0.006840984,0.009041355,-0.047727813,0.006144745,-0.066577641,0.005242878,-0.064412761,0.004799028,-0.09544794,0.013017216,-0.084512324,0.013139817,-0.04736421,0.00931577,-0.047211186,0.008807146,-0.019245618,0.00914605,0.056588049,0.009570658,0.032307711,0.01732191,0.046426585,0.01308483,0.058587315,0.010696325,0.068737131,0.01246265,0.013912417,0.014133874,0.038721485,0.013204085,0.023352126,0.008260848,0.012578119,0.020404931
HIP18844,0.035479376,0.021247013,-0.026520624,0.007709447,0.014221918,0.009043207,0.009292114,0.00864125,0.034969407,0.015335821,0.026153658,0.004846354,0.005778191,0.002901419,0.005577145,0.015405223,0.012408034,0.008194547,0.009578147,0.009349489,0.020578147,0.008391242,0.011484082,0.004573314,0.012484082,0.006396499,0.015217035,0.005554724,0.006130738,0.004052121,0.004130738,0.005041794,-0.00404586,0.004814178,0.009316769,0.004739396,-0.003809571,0.004467074,0.018164045,0.012582307,0.009865757,0.009854863,-0.026773157,0.007124132,-0.02165839,0.009347768,-0.019434214,0.009137328,0.018941037,0.008032658,0.011980784,0.02549073,0.012819939,0.012621695,0.118190486,0.010457361,0.011802849,0.011844985,0.001434313,0.020428071,0.003291113,0.006486191,0.006514094,0.006567793,-0.031566411,0.016004396
HIP1954,-0.038644974,0.013000697,-0.045644974,0.005001811,0.026490753,0.008001929,-0.011053838,0.010000926,0.015584608,0.009000983,-0.006006402,0.007001796,0.004925909,0.003001278,0.005309286,0.003003563,0.026191332,0.003000911,-0.005065756,0.008000696,-0.008065756,0.006000928,0.028896497,0.003001422,0.004896497,0.005000853,0.004490957,0.003001694,0.007911219,0.005000073,0.004911219,0.008000046,-0.017039756,0.003002076,-0.017013199,0.003001869,-0.027299601,0.003001144,-0.017298502,0.010001242,-0.03045274,0.006002331,0.038573882,0.004007535,0.0316941,0.007002899,0.046976426,0.013001301,0.049169123,0.007001925,0.106209134,0.034000633,0.076174169,0.011001208,0.183450396,0.011002237,0.087508215,0.012001396,0.033815237,0.012001252,0.025946204,0.006002469,0.049020246,0.005003148,0.049981934,0.004006752
HIP22263,-0.098509012,0.009495335,-0.064509012,0.017752786,0.01264863,0.012867497,-0.045045847,0.013991143,0.019215105,0.015828431,0.007756708,0.014328938,-0.00081547,0.004480655,-0.073247147,0.014138169,0.034270613,0.008479292,0.011501267,0.013604297,-0.009498733,0.00894857,0.04106687,0.008736254,0.02206687,0.006951413,0.010656362,0.010708784,0.005626332,0.007074753,0.007626332,0.011047721,-0.044510722,0.007347831,-0.027501551,0.007224926,-0.037384846,0.006776012,-0.039343071,0.034523695,-0.032204116,0.017216496,0.032807499,0.01229327,0.025375784,0.014234265,0.033104172,0.010623664,0.105426692,0.010144791,0.059947093,0.039788382,0.08361843,0.014400495,0.111115064,0.013080058,0.102312156,0.013870588,0.062979005,0.028764308,0.065955737,0.013667306,0.012769351,0.013764654,0.076313484,0.084463412
HIP25670,-0.085420104,0.023006301,-0.064420104,0.00304793,-0.006963014,0.006041016,-0.017784648,0.011013465,0.005661568,0.011012855,-0.00897439,0.014014365,-0.008703635,0.004015312,-0.037237142,0.009018994,0.006234672,0.004010925,-0.018736975,0.01300685,-0.004736975,0.006014826,0.004414014,0.00401703,-0.002585986,0.005013635,0.002036172,0.004020278,0.006355123,0.004001457,0.007355123,0.006000971,0.001159023,0.004024841,-0.010947205,0.005017918,-0.002801595,0.003018254,-0.015805993,0.003065554,-0.03518904,0.008027934,0.061704474,0.005095622,0.032223602,0.007046238,0.034094298,0.007038566,0.015323506,0.010021537,-0.002836536,0.010034354,0.011303323,0.015014167,0.062198414,0.009043654,0.025967141,0.011024346,0.004739052,0.005047844,0.042215186,0.010023681,0.022919016,0.005050126,0.013072265,0.009047929
HIP28066,0.095088908,0.008997718,-0.039911092,0.006925239,0.134388356,0.010171039,0.031261199,0.012396795,0.126446463,0.017894102,0.130268902,0.007305263,0.070111835,0.004186985,0.039010004,0.01807575,0.082964059,0.005064457,0.087761758,0.021462517,0.112761758,0.010937991,0.125347143,0.006328729,0.117347143,0.007145125,0.080379811,0.00655216,0.005728791,0.005126918,0.004728791,0.007091212,-0.082330255,0.006854011,0.056554346,0.005982431,-0.006416749,0.004594718,0.024537079,0.012838926,0.058015075,0.009239175,0.047896975,0.011464373,0.020847818,0.010981967,0.063990126,0.010425471,0.082896814,0.012982334,0.109216371,0.031239087,0.108684893,0.017403398,0.207083351,0.012955365,0.140654985,0.009752819,0.117760047,0.009433977,0.172259449,0.010783272,0.153149665,0.008974476,0.141758781,0.011461602
HIP29432,0.017514818,0.019023347,-0.034485182,0.004109471,0.024564726,0.011068537,-0.008623133,0.010045287,-0.007092256,0.005085925,-0.008955183,0.004151194,-0.000481361,0.002091855,0.000835001,0.008065242,0.011660677,0.004033363,-0.022539707,0.008034024,-0.006539707,0.01202271,0.005724524,0.00405193,-0.009275476,0.006034744,-0.004436698,0.005049562,-0.002378535,0.005003569,-0.003378535,0.006002974,-0.015721709,0.00506068,-0.017907609,0.006045635,-0.021902792,0.003055557,-0.027910487,0.012050632,-0.026830821,0.013052631,0.010982829,0.005287385,-0.000858697,0.006163521,0.022165021,0.012068888,0.042816136,0.005130359,0.047536062,0.014075077,0.057780815,0.013049987,0.150847225,0.008149372,0.079442498,0.00613532,0.039293341,0.00710438,0.067376575,0.012060356,0.041858277,0.005151972,0.056126464,0.014094294
HIP29525,-0.028284142,0.020487307,-0.034284142,0.014687741,0.050194863,0.015153038,-0.023776657,0.021474991,-0.003707935,0.015628837,-0.00621128,0.028484904,-0.011445013,0.004934899,0.042206425,0.031373463,0.021313953,0.009325053,0.039830048,0.021286721,-0.033169952,0.013458249,0.018584387,0.01045432,-0.000415613,0.011414587,-0.001798423,0.014389911,0.011070235,0.011036008,0.017070235,0.013030482,-0.039311942,0.010656816,-0.020435558,0.011541966,-0.04288684,0.007515115,-0.061850562,0.02651534,0.005059584,0.012307465,0.009938091,0.014481207,0.009905286,0.014601516,0.008222044,0.022822132,0.112581074,0.013166218,0.086901423,0.015583472,0.090747584,0.015935499,0.107863081,0.025092057,0.069771083,0.010839557,0.04190282,0.046354281,0.028224719,0.030533166,0.093668121,0.018928502,0.206403815,0.073402148
HIP30037,-0.010165598,0.025190952,-0.031165598,0.011427338,-0.032287329,0.008962635,-0.034761724,0.008590719,-0.034445985,0.014330252,-0.023852744,0.009711078,-0.0292959,0.003613547,0.012886431,0.026216704,-0.004400634,0.008178846,-0.030487609,0.007408756,-0.026487609,0.011264531,-0.018619421,0.004529253,-0.028619421,0.008277327,-0.007292008,0.006432512,0.007041957,0.005038397,0.009041957,0.008024054,0.015914384,0.00840183,-0.03069643,0.007411788,-0.013109172,0.004430808,-0.042134457,0.01158216,-0.032586983,0.017429949,0.042800724,0.007544368,0.03603571,0.014746965,0.038542212,0.02535548,0.05311016,0.011630001,0.004189918,0.015740253,0.053994108,0.020348419,0.130640883,0.009489078,0.042311063,0.016544744,-0.00775045,0.020393479,0.044237317,0.007188724,-0.00946566,0.006454151,0.021415523,0.01973828
HIP30158,-0.021070884,0.00836323,-0.052070884,0.010096713,0.008314383,0.012517295,-0.016169505,0.009242104,-0.019876673,0.009189425,-0.013782317,0.005751077,-0.018480896,0.003587081,-0.005515711,0.021580717,0.006494715,0.005596703,-0.042764291,0.008767578,-0.010764291,0.007865776,-0.010480884,0.00590462,-0.023480884,0.006772336,-0.005692534,0.006910179,0.004018545,0.005083531,0.011018545,0.007059907,0.004351698,0.006277138,-0.021551244,0.00538225,-0.016813559,0.004115455,-0.016850936,0.014990941,-0.022606844,0.014189735,0.046488027,0.010283377,0.034400615,0.013817522,0.024801531,0.011794781,0.060249802,0.010590325,0.036889443,0.015675672,0.034078246,0.018834029,0.121686522,0.010995895,0.034720702,0.011778854,0.020281943,0.017050876,0.058829077,0.012460333,0.000311633,0.007835672,-0.002385749,0.02526851
HIP30476,0.03502383,0.010848389,-0.06297617,0.009256757,0.088916096,0.017846748,-0.035577286,0.010075511,0.042692639,0.010808101,0.039288109,0.011486138,0.021334109,0.004953065,0.014082147,0.017300742,0.045390064,0.00686122,0.000959026,0.012905251,0.054959026,0.010175732,0.054657654,0.006502308,0.058657654,0.007299316,0.02790694,0.00675158,0.005995134,0.004180366,0.016995134,0.005145431,-0.048210988,0.007087258,-0.002406058,0.00622234,-0.027517945,0.004785752,-0.019567416,0.010692252,0.017373295,0.012516628,0.00217533,0.012131752,0.003765519,0.01145417,0.029060849,0.011511828,0.078389444,0.009517097,0.079588969,0.032374492,0.083162385,0.016697734,0.115732162,0.012794157,0.103130341,0.017113283,0.064314337,0.009265082,0.118420838,0.016000441,0.076088926,0.009421202,0.09081298,0.011596506
HIP30502,-0.09387565,0.007766809,-0.11587565,0.006879195,-0.033268836,0.01277858,-0.053654048,0.014407602,-0.017615201,0.009594479,-0.010839939,0.00983461,-0.018147717,0.00371404,-0.09273214,0.018367608,0.018216702,0.006278425,-0.025356097,0.013264935,-0.010356097,0.006554273,0.006587585,0.005507571,-0.004412415,0.007371115,-0.014273922,0.005599378,-0.001780481,0.004056524,-0.003780481,0.007032453,-0.027006104,0.005725976,-0.033670032,0.006558321,-0.03450997,0.003645707,-0.049537453,0.004419522,-0.074681503,0.006518397,0.041652961,0.007918945,0.028647511,0.007833885,0.044589361,0.01010687,0.077771913,0.012682436,0.04677165,0.02651198,0.080645769,0.013623852,0.09874009,0.023659431,0.079294634,0.012843123,0.043619076,0.026358648,0.01634491,0.013693899,0.022493848,0.007461817,0.025451655,0.017023214
HIP3203,-0.06479896,0.020712018,-0.05479896,0.017832209,0.073630137,0.017475348,-0.051153523,0.02169429,0.021384321,0.022634008,0.021743903,0.00873167,3.63E-05,0.005317224,-0.009628575,0.010734278,0.039653277,0.008529459,0.023369755,0.018488205,-0.011630245,0.011781924,0.047859863,0.010660832,0.020859863,0.008812113,0.011638276,0.013611163,-0.00255123,0.010058121,0.00444877,0.012048477,-0.075590233,0.009161561,-0.025527949,0.01178769,-0.055984049,0.008659412,-0.049940075,0.055360296,-0.028109595,0.019203466,0.012955262,0.014749129,0.007763983,0.015295312,0.028057023,0.010869268,0.143764939,0.011963323,0.131365361,0.013777731,0.124966769,0.015444091,0.192015856,0.014133923,0.150328586,0.018510032,0.096609479,0.036661594,0.104848144,0.015601877,0.017809843,0.013941934,0.170277351,0.068633096
HIP33094,0.097378856,0.023750266,0.002378856,0.013381895,0.089406849,0.01687481,0.026368875,0.008477445,0.093277247,0.013350691,0.103281707,0.015642663,0.057260018,0.0063127,0.057391433,0.040514342,0.048581395,0.007719425,0.04389327,0.016659971,0.09689327,0.014749733,0.08255415,0.009875249,0.09655415,0.010794468,0.063397897,0.010033901,0.014906353,0.008087683,0.025906353,0.013054142,-0.031250743,0.009387246,0.051580744,0.008409463,0.005182453,0.007020852,0.073134082,0.031766531,0.096920555,0.025103296,0.033749212,0.013446544,0.028459619,0.01263271,0.039037275,0.017044371,0.075558567,0.010778522,0.077798103,0.021983615,0.089336554,0.022191195,0.161182558,0.0139753,0.093638556,0.018811746,0.099129574,0.011796936,0.079367041,0.01680406,0.105109173,0.010486029,0.139794913,0.021579325
HIP34511,-0.020579896,0.016009056,-0.034579896,0.006024108,0.055963014,0.006041016,-0.018215352,0.012012345,0.014338432,0.011012855,-0.02202561,0.00404999,0.010703635,0.004015312,0.008237142,0.008021362,0.032765328,0.009004861,-0.016263025,0.020004453,-0.010263025,0.007012713,0.012585986,0.005013635,0.008585986,0.006011367,-0.012036172,0.007011607,-0.001355123,0.006000971,0.005644877,0.009000648,-0.033159023,0.004024841,-0.017052795,0.007012809,-0.027198405,0.004013708,-0.032194007,0.020009938,-0.03081096,0.010022362,0.020295526,0.005095622,0.021776398,0.010032421,0.047905702,0.009030028,0.039676494,0.009023924,0.064836536,0.070004916,0.084696677,0.014015177,0.171801586,0.014028103,0.080032859,0.00902974,0.045260948,0.029008287,0.116784814,0.015015798,0.044080984,0.005050126,0.073927735,0.006071657
HIP36512,-0.035970364,0.016110586,-0.055970364,0.005343313,-0.000870548,0.003879433,-0.033246267,0.00535081,-0.001184512,0.009190568,-0.014910366,0.003732245,-0.002962722,0.003240899,0.002670001,0.007293321,0.016321353,0.003173654,-0.016079414,0.007154172,-0.012079414,0.005213654,0.011449048,0.003266885,-0.002550952,0.006137796,-0.003873396,0.003315466,-0.00675707,0.003023708,-0.00175707,0.007010193,-0.032443418,0.003382594,-0.015815218,0.004266009,-0.027805583,0.00231208,-0.039820974,0.013186011,-0.053661642,0.010270575,0.023965658,0.005275013,0.021282606,0.005740728,0.049330042,0.009361211,0.059632271,0.008323601,0.080072124,0.050084241,0.079561631,0.01517263,0.13269445,0.012395525,0.091884995,0.008400512,0.037586682,0.00932142,0.06575315,0.013221527,0.038716555,0.004708635,0.087252927,0.009570605
HIP36515,-0.03379896,0.01407081,-0.04079896,0.016881579,0.069630137,0.01839532,-0.056153523,0.018805377,-0.004615679,0.018769611,0.017743903,0.00873167,-0.005963652,0.005317224,0.019371425,0.033514545,0.042653277,0.011390859,0.031369755,0.023384049,-0.040630245,0.014622371,0.040859863,0.01351493,0.009859863,0.011604023,0.040638276,0.019423279,0.02144877,0.012048477,0.01344877,0.01503881,-0.042590233,0.011871571,-0.027527949,0.012725944,-0.044984049,0.010534962,-0.067940075,0.038519636,-0.009109595,0.017342811,0.006955262,0.0162953,0.001763983,0.017914982,0.014057023,0.014937904,0.144764939,0.011963323,0.054365361,0.067511672,0.088966769,0.022946023,0.115015856,0.016576121,0.088328586,0.023186662,0.068609479,0.033720505,0.075848144,0.020209368,0.102809843,0.0212221,0.106277351,0.067642456
HIP38072,-0.029639168,0.016569615,-0.021639168,0.018508164,0.04170411,0.016959015,0.010277181,0.009998551,0.026707457,0.011794529,0.069795122,0.006461805,0.005629078,0.004884121,-0.01010286,0.019567928,0.033122622,0.011251714,0.077895804,0.026218329,0.042895804,0.012465985,0.051687891,0.011390265,0.025687891,0.012358727,0.05271062,0.013394357,0.014159016,0.010037236,0.000159016,0.013028665,-0.011272187,0.008761158,0.023577641,0.00868837,0.000412761,0.007485364,0.00844794,0.017732679,0.007512324,0.02070398,-0.01463579,0.013519747,-0.040788814,0.017250096,-0.037754382,0.012475986,0.030411951,0.016840353,-0.023307711,0.025865973,-0.012426585,0.016828927,0.091412685,0.01750461,0.008262869,0.01703871,0.040087583,0.023659383,0.069278515,0.017870307,-0.021352126,0.011499635,0.032421881,0.026083735
HIP40133,-0.088195234,0.008091199,-0.077195234,0.00612107,-0.039416781,0.010124241,-0.012515457,0.005147877,0.017738528,0.007101592,0.026057622,0.004247029,-0.007333178,0.003101824,-0.054783571,0.019045541,0.004278013,0.004055004,-0.002408195,0.011040916,0.030591805,0.006074687,0.011931531,0.005068649,0.007931531,0.006057326,0.013581388,0.005081668,0.007799027,0.004007371,-0.001200973,0.007004214,0.004357802,0.004124217,-0.002881212,0.004112019,0.012696411,0.004068923,0.005686517,0.01506695,-0.017925341,0.019059555,0.027835066,0.005466917,0.007753104,0.007231039,0.00321217,0.015091086,0.012477889,0.00617924,-0.014882206,0.013133328,-0.015567523,0.013082529,-0.013053568,0.010197432,-0.010573932,0.01013482,-0.023337133,0.017071428,0.032484168,0.01209961,0.000817785,0.005248844,-0.022837404,0.013167352
HIP41317,-0.054360832,0.006599403,-0.101360832,0.005249012,0.00529589,0.008978206,-0.054277181,0.010907383,0.006292543,0.007356013,0.005204878,0.016785557,-0.007629078,0.00410544,-0.03989714,0.010144152,0.031877378,0.003821135,-0.000895804,0.010554657,0.009104196,0.006884823,0.022312109,0.004973745,0.010312109,0.005808454,0.00628938,0.00513895,0.001840984,0.004092201,0.003840984,0.007053092,-0.029727813,0.005362638,-0.024577641,0.004526342,-0.034412761,0.004003832,-0.04944794,0.006438006,-0.057512324,0.009625736,0.00063579,0.008819499,-0.004211186,0.009516607,0.021754382,0.016113666,0.056588049,0.007974804,0.049307711,0.012847123,0.056426585,0.012174267,0.078587315,0.012264232,0.066737131,0.010738605,0.024912417,0.00746769,0.053721485,0.007439615,0.045352126,0.007565819,0.039578119,0.01167738
HIP42333,-0.113284142,0.014687741,-0.049284142,0.020487307,-0.025805137,0.014234274,-0.022776657,0.011881718,0.005292065,0.01467176,0.02378872,0.00658709,-0.009445013,0.00416572,-0.039793575,0.017671848,0.022313953,0.007413272,0.015830048,0.016374507,-0.014169952,0.009650102,0.024584387,0.009502253,-0.002415613,0.009502253,0.011201577,0.011492151,0.013070235,0.008049439,0.003070235,0.012033016,-0.016311942,0.008807254,-0.022435558,0.008730234,-0.01988684,0.006593706,-0.022850562,0.022606708,5.96E-05,0.02074786,0.046938091,0.012112199,0.013905286,0.012853181,0.016222044,0.011698278,0.062581074,0.0122617,0.021901423,0.012955486,0.006747584,0.01688017,0.083863081,0.013214058,0.014771083,0.018041508,-0.01809718,0.022731461,0.051224719,0.015108748,-0.020331879,0.01517525,0.037403815,0.011826891
HIP43297,-0.102769324,0.012499892,-0.048769324,0.007826066,-0.016240411,0.011910766,-0.04039979,0.010607725,0.021199809,0.017348085,0.026833537,0.00574476,-0.006926374,0.003766336,-0.011958574,0.022326217,0.01697463,0.006300602,0.000290341,0.012309602,-0.015709659,0.007518398,0.034308911,0.006462858,0.012308911,0.005546939,0.021764879,0.00747472,0.013691701,0.006040906,0.006691701,0.009027322,-0.018033652,0.006664998,-0.013343167,0.005708216,-0.015789632,0.004543274,-0.020761049,0.011738808,-0.007771237,0.030313638,0.04592092,0.00947559,0.027046589,0.008742993,0.041387065,0.012917994,0.04439721,0.007363332,0.015437484,0.006714085,0.0355284,0.017520408,0.050710307,0.009863031,0.055213581,0.014786988,0.058196161,0.012818371,0.037601294,0.008308691,0.043526398,0.006106104,0.059530278,0.01343678
HIP44713,-0.042715858,0.00668803,-0.046715858,0.010942109,-0.026194863,0.008343534,-0.066223343,0.009174706,-0.022292065,0.010013019,-0.01978872,0.01041104,-0.023554987,0.00416572,-0.017206425,0.011103792,0.003686047,0.004685788,-0.040830048,0.015398847,-0.009830048,0.009650102,-0.014584387,0.005856006,-0.010584387,0.005856006,-0.017201577,0.005202838,0.005929765,0.004097984,0.009929765,0.007056449,-0.019688058,0.006210291,-0.046564442,0.005311965,-0.04111316,0.004059181,-0.038149438,0.00600527,-0.036059584,0.015049043,-0.029938091,0.009039102,-0.025905286,0.010402128,-0.020222044,0.010042396,0.070418926,0.008083891,0.034098577,0.023040065,0.054252416,0.01406912,0.048136919,0.010844875,0.062228917,0.014335132,0.01109718,0.010663927,0.012775281,0.014187116,0.017331879,0.007699883,0.008596185,0.009740398
HIP44935,-0.02810052,0.01425647,-0.05810052,0.006576239,-0.024815069,0.009661622,0.012076762,0.008450476,-0.002692161,0.004009312,0.008128049,0.004365835,-0.000518174,0.003473934,-0.019185712,0.01041903,0.003173362,0.005214204,-0.007684877,0.013170172,0.038315123,0.018123284,0.002070068,0.005330416,0.007070068,0.006278004,0.006180862,0.006329766,0.004775615,0.00502906,0.003775615,0.007020787,0.006795117,0.004580781,-0.001736026,0.005430231,-7.98E-06,0.004329706,0.003970037,0.006777949,-0.011945202,0.021264837,0.017522369,0.007009579,-0.004881991,0.008957491,0.000471489,0.014475332,0.019617531,0.00773177,-0.00018268,0.022387641,0.011516616,0.013402611,0.133992072,0.010034538,0.031835707,0.00879803,-0.005304739,0.025239218,0.063075928,0.014417165,0.034595078,0.006131426,0.000361324,0.038283488
HIP44997,-0.076455546,0.019209105,-0.071455546,0.007549154,0.012694178,0.016419881,-0.0438694,0.027150877,-0.045276769,0.006618136,-0.046865549,0.007751885,-0.032444083,0.002717114,-0.042494998,0.014332941,0.00498203,0.003378192,-0.006619121,0.00926876,-0.036619121,0.006396086,-0.017826428,0.004445582,-0.028826428,0.006305807,-0.020310095,0.005429798,0.004864396,0.004039966,-0.001135604,0.00503203,0.001834872,0.004636202,-0.043722827,0.007344887,-0.018708375,0.004362093,-0.060731461,0.009589552,-0.080492462,0.005323588,0.071948487,0.007183868,0.059423909,0.009944893,0.061495063,0.012606451,0.052448407,0.0096377,0.047608186,0.012765976,0.043342446,0.014412479,0.083541675,0.009257989,0.045327493,0.011652441,0.041880024,0.012539935,0.067129724,0.010633426,-0.042425168,0.006235808,-0.010620609,0.016728481
HIP4909,-0.108153986,0.016839134,-0.033153986,0.026524638,0.025139384,0.021141174,-0.049099685,0.017809509,0.008799713,0.018732354,-0.004249695,0.015305395,-0.009889561,0.005259934,-0.043937861,0.013286643,0.019461945,0.006657294,0.036435511,0.017490974,-0.030564489,0.00989617,0.021963367,0.00877378,-0.005036633,0.009694287,-0.008852681,0.011681641,0.006537551,0.007078717,-0.006462449,0.013042555,-0.052550477,0.009107686,-0.03351475,0.00900352,-0.039684447,0.00770993,-0.057641573,0.035535885,-0.022656856,0.031679054,0.027381381,0.012480798,6.99E-05,0.01351813,-0.002919403,0.014848157,0.094595815,0.009486411,0.087156227,0.012100727,0.0667926,0.018149946,0.10756546,0.017317004,0.112820371,0.0139633,0.046794242,0.034665529,0.048901941,0.014631379,0.070789597,0.012995773,0.057295418,0.047866803
HIP49756,0.012,0.018,-0.014,0.006,0,0.006,0.011,0.011,0.011,0.007,0.008,0.004,0.006,0.003,0.001,0.007,0.008,0.004,0.009,0.005,0.022,0.007,0.011,0.004,0.012,0.005,0.013,0.004,0.004,0.004,0.006,0.005,0.006,0.005,0.013,0.004,0.004,0.003,0.004,0.005,-0.016,0.015,0.026,0.005,0.009,0.006,0.026,0.009,-0.003,0.01,-0.003,0.023,0.018,0.014,0.007,0.015,0.033,0.006,0.024,0.004,0.066,0.015,0.021,0.005,0.011,0.025
HIP5301,-0.046585702,0.013498427,-0.074585702,0.008786781,-0.011250343,0.014781824,-0.028546372,0.013509468,-0.021784417,0.006155763,-0.042827134,0.013687048,-0.027999535,0.004646701,0.004649288,0.011687328,0.007834038,0.004470736,-0.026224584,0.021192366,-0.022224584,0.008492137,-0.017205408,0.005587558,-0.025205408,0.00743107,-0.024255836,0.005692994,0.00239708,0.006044102,0.00739708,0.006044102,-0.016926593,0.005838024,-0.041643635,0.005760061,-0.028910767,0.003742357,-0.051940449,0.005840953,-0.060776023,0.009186934,0.046505198,0.007744972,0.041259312,0.009674259,0.05263651,0.007788966,0.075433666,0.010938329,0.116353381,0.037421368,0.071297431,0.014675597,0.182839297,0.016152045,0.073278205,0.015793391,0.013988602,0.022492288,0.095452503,0.011941737,-0.044546644,0.009324873,0.107487788,0.042466604
HIP54102,-0.026509012,0.011232159,-0.006509012,0.009495335,0.03464863,0.019198241,-0.049045847,0.014924882,0.022215105,0.013020723,0.016756708,0.007830611,0.00618453,0.004480655,0.014752853,0.041374966,0.025270613,0.006625586,0.030501267,0.016494754,-0.012498733,0.00894857,0.03606687,0.007830846,0.01706687,0.007830846,0.009656362,0.009781516,0.007626332,0.006087046,0.003626332,0.009058263,-0.035510722,0.00818478,-0.015501551,0.007224926,-0.025384846,0.005908836,-0.027343071,0.044405918,-0.027204116,0.016291339,0.000807499,0.011667239,-0.005624216,0.014234265,0.017104172,0.013887485,0.047426692,0.010144791,0.035947093,0.026212885,0.07261843,0.013504601,0.171115064,0.012332393,0.108312156,0.011375114,0.087979005,0.027791823,0.101955737,0.013667306,0.085769351,0.009025836,0.062313484,0.011272442
HIP54287,-0.06710052,0.007499795,-0.07410052,0.006576239,-0.044815069,0.009661622,-0.006923238,0.008450476,0.008307839,0.007488296,0.022128049,0.010490973,-0.003518174,0.002658612,-0.038185712,0.018236123,0.010173362,0.005214204,-0.007684877,0.0112006,0.030315123,0.010220246,0.008070068,0.005330416,0.005070068,0.006278004,0.012180862,0.006329766,0.007775615,0.006024238,0.006775615,0.008018195,0.005795117,0.005475724,0.000263974,0.006362972,0.008992024,0.005267481,0.005970037,0.021235362,-0.037945202,0.006869736,0.034522369,0.007754625,0.016118009,0.008957491,0.002471489,0.013510561,0.011617531,0.008647559,-0.02018268,0.033259682,-0.009483384,0.018292894,0.023992072,0.011861363,-0.011164293,0.010649194,-0.027304739,0.011533348,-0.004924072,0.006070802,0.001595078,0.006970967,-0.034638676,0.019560815
HIP54582,-0.011520624,0.008627605,-0.064520624,0.007709447,0.008221918,0.009938793,-0.052707886,0.015351586,0.012969407,0.007693334,-0.018846342,0.011639894,0.002778191,0.003663091,-0.032422855,0.023266304,0.023408034,0.005305714,0.005578147,0.010315665,0.017578147,0.010315665,0.002484082,0.006396499,0.016484082,0.007342697,-0.009782965,0.007406413,-0.012869262,0.005041794,0.004130738,0.010020962,-0.06104586,0.005672417,-0.023683231,0.005609088,-0.039809571,0.004467074,-0.039835955,0.027263794,-0.078134243,0.012653787,-0.039773157,0.007730023,-0.06265839,0.01110769,-0.022434214,0.0156362,0.043941037,0.009824642,0.035980784,0.033373302,0.067819939,0.020379087,0.143190486,0.011329448,0.098802849,0.010922622,0.058434313,0.013649399,0.092291113,0.013640773,0.041514094,0.007357711,0.081433589,0.043360589
HIP62039,-0.033035442,0.006421519,-0.048035442,0.006421519,0.002657192,0.007610563,0.001915247,0.010264216,0.012061663,0.007356044,0.015108841,0.016225558,-0.003740448,0.003349147,0.004742145,0.006494755,-0.000252643,0.005155654,-0.011882146,0.013123171,0.032117854,0.008198634,0.008759558,0.004297224,0.014759558,0.006202107,0.003653733,0.005285607,0.003509273,0.004026235,0.013509273,0.00801315,0.001675849,0.005347954,-0.004775622,0.004386588,0.004093221,0.004240783,0.018074532,0.010352878,0.021696578,0.020201167,-0.017755986,0.006514366,-0.019799693,0.008702355,-0.023599235,0.016302736,0.004124901,0.007535831,-0.029555278,0.026237982,-0.000960877,0.016238232,0.034343261,0.019370788,0.001360351,0.010473077,-0.011859028,0.018239602,0.034914539,0.0066757,0.014655817,0.005839472,0.000307126,0.010752879
HIP6407,0.026230676,0.049124813,0.006230676,0.00873197,0.060759589,0.021491076,-0.02739979,0.013473078,0.027199809,0.010580928,0.022833537,0.006480916,0.003073626,0.006417577,0.092041426,0.026276605,0.02497463,0.00725931,0.046290341,0.012309602,0.000290341,0.011336944,0.034308911,0.009314963,0.019308911,0.008352756,0.016764879,0.009373977,0.003691701,0.008030725,0.009691701,0.015016409,-0.040033652,0.009456331,0.000656833,0.009411893,-0.023789632,0.006375056,-0.015761049,0.030278699,-0.005771237,0.028335784,0.00692092,0.010236543,0.004046589,0.01041345,0.059387065,0.012917994,0.05239721,0.010872841,0.093437484,0.067216657,0.1035284,0.016551878,0.202710307,0.021777956,0.106213581,0.011985616,0.059196161,0.032315795,0.124601294,0.012807589,0.070526398,0.008383585,0.114530278,0.072253353
HIP64150,-0.00410052,0.005678637,-0.02510052,0.004821506,-0.007815069,0.018339764,0.006076762,0.0123049,0.018307839,0.008430574,-0.006871951,0.008605842,-0.004518174,0.003473934,-0.016185712,0.009463413,0.001173362,0.003344835,-0.014684877,0.012184147,0.003315123,0.005427102,-0.006929932,0.004406057,-0.003929932,0.004406057,-0.004819138,0.003614684,0.000775615,0.003048188,0.016775615,0.006024238,-0.002204883,0.003739459,-0.005736026,0.003672521,-0.010007976,0.003427296,0.032970037,0.009536278,0.016054798,0.01439421,0.407522369,0.007754625,0.313118009,0.011714805,0.278471489,0.006207676,0.151617531,0.010525221,0.12581732,0.012696711,0.115516616,0.015350244,0.130992072,0.00828806,0.102835707,0.00879803,0.043695261,0.008718837,0.042075928,0.006917705,0.031595078,0.004646975,0.050361324,0.010130423
HIP64673,0.05167461,0.014144836,0.00267461,0.01315585,0.028638699,0.009377908,0.026807571,0.008256418,0.00623088,0.005383257,0.003096036,0.004653927,0.01011137,0.004210211,-0.001639284,0.01318381,0.000130021,0.006101697,-0.007013658,0.013095994,0.024986342,0.00913811,-0.010447449,0.006157922,-0.001447449,0.007135825,-0.007364353,0.007161501,-0.011668289,0.005016367,0.001331711,0.012006829,-0.016403663,0.006229225,0.011197981,0.006206784,-0.007505982,0.004188654,0.006477528,0.015185242,-0.019208902,0.007436143,-0.030608223,0.006210917,-0.058411494,0.009493846,-0.046646384,0.01821026,0.011463148,0.008370418,-0.03813701,0.006758597,0.014387462,0.019156706,0.123244054,0.011492464,0.02937678,0.010370173,-0.001228554,0.018186814,0.109806946,0.011299037,-0.034303691,0.019185524,0.032270993,0.028216384
HIP64713,-0.029840208,0.012048216,-0.035840208,0.003187398,0.013073973,0.009109089,-0.024569295,0.012049302,-0.006676864,0.00511194,-0.019948781,0.00809998,-0.00640727,0.003080733,-0.007474285,0.016042724,0.016469345,0.005034885,0.000526049,0.013027377,-0.014473951,0.006059088,0.001828027,0.005054318,-0.006171973,0.007038901,-0.007927655,0.00605397,-0.001289754,0.004005825,0.005710246,0.006003885,-0.018681953,0.005079111,-0.01389441,0.00507129,-0.02060319,0.004054555,-0.029611985,0.011072059,-0.039378081,0.009098952,0.035408948,0.005372287,0.025447203,0.008160751,0.037188595,0.00911952,0.045647012,0.007122138,0.048326928,0.020068708,0.049606646,0.013065252,0.123396829,0.010156314,0.076934283,0.011097065,0.027478104,0.024040027,0.115430371,0.013072748,0.013838031,0.009111262,0.04314453,0.050034589
HIP65708,0.02602383,0.01617676,-0.03397617,0.008525699,0.104916096,0.01055966,-0.033577286,0.007906701,0.041692639,0.007798401,0.033288109,0.00871386,0.021334109,0.005615412,0.015082147,0.010359327,0.043390064,0.006006358,0.025959026,0.010175732,0.047959026,0.011070028,0.049657654,0.008141254,0.057657654,0.007299316,0.02090694,0.008341692,0.000995134,0.007104608,0.015995134,0.008091691,-0.068210988,0.007824911,-0.012406058,0.007662736,-0.038517945,0.006237261,-0.021567416,0.012260679,0.006373295,0.008524434,0.02417533,0.013083555,0.022765519,0.012774898,0.046060849,0.015411755,0.101389444,0.010889221,0.124588969,0.011095393,0.123162385,0.017601543,0.208732162,0.013442115,0.170130341,0.010810387,0.113314337,0.01268234,0.156420838,0.011874936,0.133088926,0.009987945,0.12981298,0.015921022
HIP68468,-0.06255026,0.018050256,-0.04855026,0.011082045,0.001092466,0.009169882,0.018538381,0.009102342,0.02915392,0.008109787,0.031064024,0.004302921,0.011740913,0.002183359,-0.031092856,0.019056208,0.009086681,0.005054402,0.022657561,0.013042751,0.054657561,0.009061642,0.013035034,0.006070695,0.028035034,0.006070695,0.009090431,0.00806328,-0.004112193,0.005007281,0.013887807,0.008004553,-0.008602442,0.006102941,0.017131987,0.006092771,0.004996012,0.004084922,0.023985019,0.007175315,0.008527399,0.005272411,-0.034738816,0.006483329,-0.028940996,0.008249798,-0.019764256,0.008208764,-0.001691235,0.00526261,-0.05109134,0.029074071,0.009258308,0.020066327,0.066496036,0.013187986,0.034917854,0.008206786,0.00184763,0.015099819,0.061537964,0.016092348,0.042797539,0.006256884,0.025180662,0.032084363
HIP69645,-0.024840208,0.039014863,-0.003840208,0.004142404,0.039073973,0.003312931,0.012430705,0.006098007,0.007323136,0.015037684,-0.007948781,0.003257251,0.00159273,0.004060901,0.016525715,0.010068217,-0.001530655,0.005034885,0.005526049,0.004088099,-0.001473951,0.007050713,-0.002171973,0.005054318,-0.006171973,0.005054318,0.006072345,0.005064637,0.003710246,0.005004661,0.008710246,0.00700333,0.006318047,0.005079111,0.00410559,0.00507129,0.00039681,0.004054555,0.000388015,0.0071127,0.006621919,0.011081107,0.013408948,0.005372287,0.018447203,0.007183165,0.009188595,0.012089898,0.010647012,0.010085873,0.067326928,0.029047427,0.021606646,0.012070659,0.213396829,0.02606052,0.038934283,0.007151563,0.019478104,0.010095687,0.021430371,0.01108588,-0.009161969,0.009111262,0.03414453,0.007242933
HIP72043,0.016609532,0.006470704,-0.024390468,0.007407429,0.023166438,0.014352736,-0.003030915,0.003873312,0.030477055,0.013218563,0.023115244,0.003485544,0.016333644,0.004299448,-0.009567141,0.01326388,0.015556025,0.00421571,0.04018361,0.005348578,0.03818361,0.009198222,0.013863061,0.005269232,0.020863061,0.006226139,0.014162776,0.005319155,-0.006401947,0.005023552,0.006598053,0.006019641,-0.028284395,0.004476235,0.012237577,0.004431118,-0.011607178,0.003350306,0.000373034,0.006637159,-0.013850682,0.006713163,-0.053329868,0.006674482,-0.058493792,0.009703179,-0.04357566,0.009589763,0.022955778,0.009472699,-0.027764412,0.023301014,0.020864954,0.017251385,0.067892865,0.015522579,0.014852136,0.010528927,0.002325735,0.013369169,0.053968335,0.008579176,0.022635571,0.005933081,0.019325192,0.013657109
HIP73241,-0.008621144,0.015201155,-0.065621144,0.009169248,-0.013593151,0.011864199,-0.045631125,0.008477445,0.045277247,0.013350691,0.023281707,0.008043189,-0.011739982,0.005554294,0.021391433,0.01911575,0.041581395,0.006825652,0.00489327,0.0185891,0.00889327,0.010126926,0.02955415,0.008094476,0.00855415,0.009875249,0.025397897,0.010033901,0.026906353,0.008087683,0.015906353,0.007100043,-0.019250743,0.007008594,-0.026419256,0.006835135,-0.027817547,0.006188082,-0.013865918,0.026909338,0.020920555,0.026060995,0.042749212,0.012876706,0.013459619,0.014919295,0.005037275,0.021575695,0.093558567,0.012335985,0.036798103,0.029449606,0.064336554,0.01662676,0.174182558,0.0139753,0.062638556,0.01284063,0.023129574,0.015072084,0.102367041,0.011763352,0.032109173,0.010486029,0.030794913,0.012396261
HIP73815,-0.025585702,0.005404398,-0.021585702,0.007887174,-0.000250343,0.006892192,-0.042546372,0.014474313,-0.011784417,0.007867237,-0.024827134,0.004726023,-0.018999535,0.003819925,-0.012350712,0.010751448,-0.004165962,0.004470736,-0.021224584,0.009440148,-0.000224584,0.008492137,-0.018205408,0.004713895,-0.006205408,0.004713895,-0.014255836,0.005692994,0.00039708,0.004065854,0.00939708,0.004065854,-0.013926593,0.005008245,-0.027643635,0.004144672,-0.023910767,0.003742357,-0.023940449,0.00819248,-0.016776023,0.009186934,-0.035494802,0.007744972,-0.040740688,0.009674259,-0.02536349,0.007047552,0.031433666,0.009145876,-0.019646619,0.052300658,0.035297431,0.015632439,0.071839297,0.009994427,0.042278205,0.007030733,0.007988602,0.013816766,0.058452503,0.010129416,-0.000546644,0.006241254,0.010487788,0.009402788
HIP74389,-0.083159792,0.004142404,-0.062159792,0.008072144,-0.030073973,0.01307576,-0.033430705,0.014042282,0.005676864,0.007080391,-0.013051219,0.011072926,-0.00759273,0.004060901,-0.020525715,0.010068217,0.011530655,0.004043522,0.001473951,0.008044411,-0.011526049,0.008044411,0.010171973,0.004067694,-0.002828027,0.005054318,-0.005072345,0.007046315,0.005289754,0.004005825,-0.001710246,0.011002119,-0.019318047,0.003130075,-0.01510559,0.00507129,-0.01139681,0.003072363,-0.027388015,0.008098796,-0.038621919,0.006147432,0.035591052,0.005372287,0.018552797,0.008160751,0.032811405,0.010107702,0.028352988,0.005169608,-0.000326928,0.008170253,0.040393354,0.015056587,0.087603171,0.007221545,0.052065717,0.008132949,0.034521896,0.016059978,0.063569629,0.009104765,0.050161969,0.005197605,0.01985547,0.018095858
HIP74432,0.051443934,0.033458261,-0.031556066,0.008913764,0.068879109,0.01314869,-0.019792639,0.011451762,0.077031071,0.013180702,0.0942625,0.015436299,0.037037744,0.004110254,0.03231929,0.024737772,0.048155391,0.005847626,0.036696002,0.021440979,0.110696002,0.013700933,0.07424364,0.007958929,0.08324364,0.010693201,0.061870768,0.009004839,0.005640011,0.006101214,0.002640011,0.00906779,-0.043370011,0.007546083,0.023541147,0.006622563,-0.00371635,0.006895039,0.024238577,0.024855087,0.057562335,0.031749642,0.018470856,0.012264746,0.008541918,0.012970524,0.050966552,0.016789338,0.090065938,0.017358113,0.125425505,0.013126697,0.088859062,0.0249133,0.160533747,0.014274291,0.1201632,0.015885084,0.106575284,0.018425693,0.130205652,0.012240062,0.122169911,0.009430158,0.141740715,0.017773043
HIP7585,-0.047739688,0.004313803,-0.034739688,0.005254416,-0.015110959,0.011200219,-0.017646057,0.005260019,0.012015296,0.006208611,-0.002076829,0.015120244,0.005110904,0.002259327,-0.009288573,0.008190252,0.012295983,0.004097274,-0.001789074,0.011072635,0.010210926,0.006132148,0.017757959,0.004150759,0.013757959,0.004150759,-0.000108517,0.005144292,0.009934631,0.004013094,0.005934631,0.005010481,-0.00347707,0.004218303,-0.021158385,0.005159018,-0.005595215,0.003160489,-0.003582022,0.005345897,0.002567121,0.009221149,0.040886579,0.005804163,0.034329195,0.006468786,0.032717107,0.006393175,0.029029482,0.007271925,0.011509608,0.022140333,0.031090031,0.015127022,0.051404757,0.008431435,0.037098576,0.009264228,0.012782844,0.021102761,0.040354443,0.015141587,0.044242953,0.004531443,0.025783205,0.023168625
HIP76114,-0.007455546,0.026153197,-0.052455546,0.006632476,0.002694178,0.010658917,-0.0128694,0.010400487,-0.025276769,0.004098747,-0.022865549,0.012453583,-0.013444083,0.002717114,-0.014494998,0.013357889,0.00198203,0.003378192,-0.029619121,0.013187491,0.006380879,0.014174269,-0.011826428,0.004445582,-0.013826428,0.006305807,-0.007310095,0.005429798,0.000864396,0.004039966,0.000864396,0.00503203,0.007834872,0.004636202,-0.025722827,0.00457683,-0.010708375,0.00346812,-0.015731461,0.010533732,-0.031492462,0.009661293,0.035948487,0.007183868,0.021423909,0.008179297,0.024495063,0.009794009,0.046448407,0.011527587,0.008608186,0.016582223,0.024342446,0.014412479,0.049541675,0.012872854,0.023327493,0.011652441,-0.018119976,0.026253571,0.041129724,0.019340883,0.005574832,0.006235808,-0.012620609,0.027437968
HIP77052,-0.137065078,0.003027054,-0.124065078,0.003027054,-0.03547226,0.010013881,-0.058838486,0.015005557,-0.003753824,0.007011361,-0.016980793,0.002055812,-0.011777726,0.003011484,-0.062927857,0.02500385,0.030426004,0.004006149,-0.017802732,0.013003853,-0.016802732,0.006008344,0.02931051,0.005007674,0.00231051,0.006006397,0.013527129,0.006007619,0.021266342,0.005000656,0.008266342,0.009000364,-0.009880733,0.0050112,-0.039960404,0.006008408,-0.031101196,0.003010281,-0.053104494,0.007015958,-0.06664178,0.024005246,0.106278355,0.00505401,0.085917701,0.0080228,0.097070723,0.015010148,0.09549263,0.006020179,0.060372598,0.032006049,0.103477492,0.021005694,0.104648811,0.009024581,0.118475356,0.009016741,0.060554289,0.015009011,0.057161389,0.007019026,0.067939262,0.006023568,0.066054199,0.012020257
HIP77883,-0.02465078,0.023351779,-0.05165078,0.008081187,0.018277397,0.007265028,-0.024384858,0.015545859,-0.028538241,0.009844684,-0.030807927,0.011074121,-0.022777261,0.003987918,-0.024278568,0.01755709,0.002260042,0.005470175,-0.032027316,0.01827622,-0.004027316,0.009540452,-0.001894898,0.004866211,-0.006894898,0.006609085,-0.002728707,0.005014815,0.008663422,0.0060544,0.013663422,0.012027292,-0.010807325,0.006017723,-0.025604039,0.007687436,-0.027011964,0.003896062,-0.019044944,0.005600566,-0.025417803,0.013935023,-0.003216447,0.008905165,-0.009822987,0.01168471,0.002707233,0.00971876,0.043926296,0.007762449,0.027725979,0.019045066,0.044774923,0.019619314,0.142488108,0.014605029,0.054753561,0.010543338,0.016542891,0.017777536,0.031613892,0.01492223,-0.033607382,0.007303243,0.080541986,0.043562109
HIP79578,0.000745494,0.01521645,0.003745494,0.006522296,0.029324315,0.009599121,-0.007022923,0.004763195,0.020107553,0.007442097,0.018878354,0.009491028,0.013592265,0.003430607,0.020876427,0.007531398,0.017635307,0.004239646,0.006750633,0.013153677,0.005750633,0.00728143,0.022033435,0.004368127,0.009033435,0.005299107,0.013328181,0.004435032,0.014313166,0.004032745,0.012313166,0.005026234,-0.005755361,0.004527434,0.003749224,0.00447771,0.001307577,0.003388006,0.006328464,0.010438936,0.006397942,0.010492947,0.00790375,0.006839672,-0.012812108,0.008868685,-0.004447914,0.006943743,-0.000786654,0.009525188,-0.018026454,0.009824909,0.005309215,0.01727986,0.068557532,0.011780152,0.013656078,0.006935294,0.010489502,0.014382154,0.062977869,0.014377024,0.016384675,0.006030458,0.045656742,0.006672105
HIP79715,0.023319584,0.005444082,0.003319584,0.006374797,0.014147945,0.008479507,0.014861409,0.018131265,0.003646272,0.005433942,0.010102439,0.010316915,0.002185461,0.004238356,0.00805143,0.014194223,0.000938689,0.005138119,0.003052098,0.005277329,0.021052098,0.006232993,-0.002343945,0.005213879,0.007656055,0.006179364,-0.00185531,0.006213067,-0.007579508,0.005018618,0.011420492,0.007013311,-0.005363907,0.005309376,0.009211179,0.005279389,-0.003206381,0.004213985,0.00377603,0.007440563,-0.013756162,0.007494244,-0.022182105,0.006359708,-0.029105593,0.007706585,-0.005622809,0.006683005,0.007294025,0.007476588,0.012653856,0.01053623,0.030213292,0.018187996,0.159793657,0.015414371,0.033868566,0.010420144,0.005956209,0.007529382,0.036860742,0.008460908,0.008676063,0.005749818,0.005289059,0.007059766
HIP79672,-0.04722487,0.00504509,-0.05222487,0.007032278,0.003453767,0.006063966,-0.01526919,0.009025694,0.01292304,0.009024531,-0.003032012,0.00215146,0.004629543,0.00204738,-0.018453572,0.003087841,0.01395666,0.004017057,-0.018328781,0.010013907,0.002671219,0.007019853,0.009482483,0.004026578,0.011482483,0.005021288,-0.003545216,0.00403164,0.002556096,0.003003034,0.008556096,0.008001138,-0.006198779,0.004038746,-0.015065994,0.004034906,-0.005498006,0.003028473,-0.003492509,0.012025859,-0.011263699,0.006058018,0.030869408,0.00514863,0.031470498,0.007072114,0.043882128,0.006070087,0.024845617,0.006055887,0.02704567,0.009059548,0.050870846,0.011030157,0.085251982,0.011055801,0.075541073,0.009046427,0.066076185,0.016023456,0.114731018,0.014026436,0.08710123,0.004097212,0.117909669,0.00513338
HIP81746,-0.020780936,0.015763249,-0.094780936,0.00771233,0.012332877,0.014456974,-0.043061829,0.011135986,-0.001045889,0.007676043,0.001230488,0.008282274,0.007667287,0.004352129,-0.012134282,0.022621274,0.033112051,0.004805086,-0.012632779,0.007964241,0.010367221,0.007964241,0.025726123,0.005201847,0.011726123,0.006859971,0.012325552,0.006178483,0.000196107,0.003153457,-0.000803893,0.008058802,-0.03856879,0.005669806,-0.008524846,0.005526229,-0.022214356,0.004230626,-0.044253933,0.006943164,-0.060701364,0.012540583,-0.004659736,0.009705402,-0.019987584,0.010080016,0.011848679,0.013705991,0.058911555,0.010766991,0.027471175,0.011693971,0.062729908,0.01426328,0.096785729,0.020610723,0.067704273,0.011976362,0.050651469,0.015327711,0.05893667,0.019037044,0.010271141,0.008112077,0.046650384,0.022606781
HIP83276,0.007704246,0.010734834,-0.039295754,0.010734834,0.028768151,0.011223166,-0.069438696,0.008920801,-0.025953633,0.007132622,-0.035814329,0.011006918,-0.010851352,0.004738241,0.024030717,0.03327145,0.016451374,0.007321209,-0.026093072,0.010457693,-0.001093072,0.013355274,-0.018998401,0.006570886,0.003001599,0.008436619,-0.03023775,0.011381944,-0.017425358,0.007043633,0.008574642,0.010030592,-0.064847081,0.007712193,-0.049617237,0.00856941,-0.052311565,0.006463297,-0.068343446,0.028370761,-0.087870543,0.011114579,-0.064642565,0.009313547,-0.075128887,0.011581777,-0.029316342,0.01592036,0.037095419,0.008465549,0.024935113,0.025713355,0.065949093,0.021525556,0.095938504,0.026784367,0.065261775,0.01780968,0.024358128,0.02062203,0.060560095,0.018679518,0.037412864,0.007904409,0.06652392,0.010462674
HIP85042,-0.080715858,0.009150396,-0.106715858,0.005977437,-0.024194863,0.017018066,-0.052223343,0.013754099,-0.021292065,0.00665286,-0.01078872,0.011286707,-0.030554987,0.003514715,-0.070206425,0.021547487,0.012686047,0.004685788,-0.030830048,0.015398847,0.028169952,0.024251278,0.001415613,0.005029195,-0.010584387,0.005856006,0.000798423,0.006005791,0.003929765,0.004097984,-0.003070235,0.005078727,-0.019688058,0.005437621,-0.030564442,0.007824128,-0.01211316,0.004845302,-0.043149438,0.009542707,-0.060059584,0.014123516,0.059061909,0.009523937,0.040094714,0.012853181,0.036777956,0.017112852,0.061418926,0.009661744,0.031098577,0.017402431,0.053252416,0.017830876,0.096136919,0.012394003,0.073228917,0.010839557,0.02009718,0.009834599,0.039775281,0.016978641,0.036331879,0.007699883,0.054596185,0.024246141
HIP8507,-0.072065078,0.01300627,-0.099065078,0.005016279,0.01352774,0.00901542,-0.049838486,0.013006411,0.010246176,0.007011361,0.003019207,0.001107412,-0.003777726,0.003011484,-0.031927857,0.028003438,0.033426004,0.003008194,-0.005802732,0.01500334,-0.000802732,0.007007154,0.04031051,0.004009589,0.02131051,0.007005484,0.013527129,0.006007619,0.006266342,0.00400082,0.007266342,0.007000468,-0.048880733,0.006009337,-0.019960404,0.005010087,-0.029101196,0.003010281,-0.050104494,0.022005083,-0.05164178,0.008015725,0.056278355,0.004067311,0.046917701,0.006030367,0.080070723,0.010015216,0.08149263,0.015008083,0.127372598,0.027007168,0.133477492,0.017007033,0.170648811,0.017013026,0.147475356,0.012012561,0.090554289,0.00901501,0.080161389,0.022006061,0.056939262,0.005028258,0.107054199,0.021011582
HIP87769,-0.009355026,0.014000647,-0.021355026,0.00600151,-0.007490753,0.015001029,0.022053838,0.010000926,0.009415392,0.008001105,0.007006402,0.004003143,-0.000925909,0.003001278,0.022690714,0.010001069,0.019808668,0.004000684,0.012065756,0.016000348,0.006065756,0.008000696,0.005103503,0.005000853,-0.000896497,0.005000853,0.015509043,0.007000726,0.012088781,0.005000073,0.011088781,0.005000073,0.008039756,0.005001246,-0.002986801,0.005001122,0.007299601,0.004000858,-0.006701498,0.004003105,0.00945274,0.006002331,0.039426118,0.00500603,0.0163059,0.010002029,0.015023574,0.00900188,0.000830877,0.007001925,0.035790866,0.044000489,-0.020174169,0.010001329,0.095549604,0.010002461,-0.021508215,0.008002094,0.021184763,0.020000751,0.042053796,0.023000644,0.011979754,0.005003148,0.009018066,0.008003378
HIP89650,0.042644974,0.005001811,0.022644974,0.004002264,0.045509247,0.014001102,0.031053838,0.009001029,0.034415392,0.011000804,0.021006402,0.003004189,0.014074091,0.004000959,0.031690714,0.024000446,-0.000191332,0.004000684,0.024065756,0.008000696,0.026065756,0.005001113,0.002103503,0.004001067,0.007103503,0.005000853,0.011509043,0.005001016,-0.007911219,0.005000073,0.008088781,0.006000061,-0.004960244,0.005001246,0.029013199,0.004001402,0.007299601,0.004000858,0.026298502,0.004003105,0.01745274,0.007001999,-0.043573882,0.004007535,-0.0436941,0.011001845,-0.019976426,0.013001301,-0.022169123,0.007001925,0.065790866,0.052000414,0.019825831,0.013001022,0.127549604,0.011002237,0.028491785,0.010001676,0.034184763,0.006002503,0.111053796,0.008001852,0.000979754,0.005003148,0.034018066,0.06600041
HIP9349,0.005490988,0.008669567,0.018490988,0.008669567,0.05964863,0.012867497,-0.006045847,0.013067214,0.026215105,0.015828431,0.027756708,0.00723315,0.01218453,0.004480655,0.032752853,0.014138169,0.030270613,0.006625586,0.036501267,0.018441174,-0.007498733,0.007216433,0.04006687,0.007830846,0.01606687,0.006951413,0.021656362,0.008870065,0.012626332,0.007074753,0.001626332,0.009058263,-0.014510722,0.009054867,-0.000501551,0.008074624,-0.020384846,0.006776012,-0.013343071,0.033539313,0.000795884,0.013579681,-0.008192501,0.011667239,-0.024624216,0.011073134,-0.003895828,0.012200911,0.029426692,0.009376395,0.003947093,0.033928091,0.04061843,0.015309287,0.122115064,0.013859579,0.053312156,0.012181676,0.052979005,0.034632144,0.049955737,0.013667306,0.036769351,0.008394386,0.042313484,0.031274078
HIP95962,0.00667461,0.005392253,-0.01532539,0.00361613,-0.020361301,0.00479011,0.016807571,0.013159348,-0.00776912,0.005383257,-0.008903964,0.006454381,-0.00388863,0.003275038,0.003360716,0.008295351,0.006130021,0.005121592,-0.010013658,0.013095994,0.003986342,0.008155063,-0.007447449,0.004233202,-0.011447449,0.005188449,-0.002364353,0.004276341,-0.002668289,0.00402044,-0.002668289,0.00402044,0.012596337,0.004336271,-0.004802019,0.005246348,0.004494018,0.00324728,0.002477528,0.005530966,-0.016208902,0.009343245,0.018391777,0.005438335,0.008588506,0.006718118,-0.002646384,0.007524199,0.016463148,0.0055735,0.00086299,0.016299651,0.000387462,0.007414807,0.078244054,0.00600639,-0.00262322,0.01133757,-0.014228554,0.006539128,-0.018193054,0.012274699,0.001696309,0.004804616,-0.013729007,0.019317462
HIP96160,-0.006254506,0.004747668,-0.007254506,0.004747668,0.051324315,0.007755199,0.002977077,0.014236854,0.030107553,0.010314301,0.022878354,0.004252013,0.018592265,0.004332328,0.041876427,0.013293681,0.027635307,0.005193707,0.028750633,0.009220587,0.009750633,0.009220587,0.036033435,0.005299107,0.019033435,0.006251443,0.019328181,0.007257376,0.008313166,0.006021879,0.008313166,0.007018763,-0.019755361,0.004527434,0.009749224,0.006328498,-0.017692423,0.004298673,-0.016671536,0.013340592,0.001397942,0.008608248,0.00690375,0.006839672,0.002187892,0.009780264,0.027552086,0.011541905,0.017213346,0.005893148,0.072973546,0.020384524,0.060309215,0.016297042,0.174557532,0.016546056,0.069656078,0.008723434,0.042489502,0.030180231,0.097977869,0.00957595,0.051384675,0.006882327,0.073656742,0.019506845